// ***************************************************************************
// *
// * Copyright (C) 2013 International Business Machines
// * Corporation and others. All Rights Reserved.
// * Tool: org.unicode.cldr.icu.NewLdml2IcuConverter
// * Source File: <path>/common/main/pa.xml
// *
// ***************************************************************************
/**
 * ICU <specials> source: <path>/common/main/pa.xml
 */
pa{
    Version{"2.0.92.87"}
    zoneStrings{
        "Africa:Abidjan"{
            ec{"ਐਬੀਡਜਾਨ"}
        }
        "Africa:Accra"{
            ec{"ਅੱਕਰਾ"}
        }
        "Africa:Addis_Ababa"{
            ec{"ਐਡਿਸ ਅਬਾਬਾ"}
        }
        "Africa:Algiers"{
            ec{"ਅਲਜੀਅਰਸ"}
        }
        "Africa:Asmera"{
            ec{"ਅਸਮਾਰਾ"}
        }
        "Africa:Bamako"{
            ec{"ਬਮੇਕੋ"}
        }
        "Africa:Bangui"{
            ec{"ਬਾਂਗੁਈ"}
        }
        "Africa:Banjul"{
            ec{"ਬਾਂਜੁਲ"}
        }
        "Africa:Bissau"{
            ec{"ਬਿਸਾਉ"}
        }
        "Africa:Blantyre"{
            ec{"ਬਲੰਟਾਇਰ"}
        }
        "Africa:Brazzaville"{
            ec{"ਬ੍ਰਾਜ਼ਾਵਿਲੇ"}
        }
        "Africa:Bujumbura"{
            ec{"ਬੁਜੁੰਬੁਰਾ"}
        }
        "Africa:Cairo"{
            ec{"ਕੈਰੋ"}
        }
        "Africa:Casablanca"{
            ec{"ਕਾਸਬਲੈਂਕਾ"}
        }
        "Africa:Ceuta"{
            ec{"ਸੀਊਟਾ"}
        }
        "Africa:Conakry"{
            ec{"ਕੋਨੇਕਰੀ"}
        }
        "Africa:Dakar"{
            ec{"ਡਕਾਰ"}
        }
        "Africa:Dar_es_Salaam"{
            ec{"ਦਾਰ ਏਸ ਸਲਾਮ"}
        }
        "Africa:Djibouti"{
            ec{"ਜ਼ੀਬੂਤੀ"}
        }
        "Africa:Douala"{
            ec{"ਡੌਆਲਾ"}
        }
        "Africa:El_Aaiun"{
            ec{"ਅਲ ਅਯੂਨ"}
        }
        "Africa:Freetown"{
            ec{"ਫਰੀਟਾਉਨ"}
        }
        "Africa:Gaborone"{
            ec{"ਗਾਬੋਰੋਨ"}
        }
        "Africa:Harare"{
            ec{"ਹਰਾਰੇ"}
        }
        "Africa:Johannesburg"{
            ec{"ਜੋਹਨਸਬਰਗ"}
        }
        "Africa:Juba"{
            ec{"ਜੂਬਾ"}
        }
        "Africa:Kampala"{
            ec{"ਕੰਪਾਲਾ"}
        }
        "Africa:Khartoum"{
            ec{"ਖਾਰਟੌਮ"}
        }
        "Africa:Kigali"{
            ec{"ਕਿਗਾਲੀ"}
        }
        "Africa:Kinshasa"{
            ec{"ਕਿੰਸ਼ਾਸਾ"}
        }
        "Africa:Lagos"{
            ec{"ਲਾਗੋਸ"}
        }
        "Africa:Libreville"{
            ec{"ਲਿਬਰਵਿਲੇ"}
        }
        "Africa:Lome"{
            ec{"ਲੋਮ"}
        }
        "Africa:Luanda"{
            ec{"ਲੁਆਂਡਾ"}
        }
        "Africa:Lubumbashi"{
            ec{"ਲੁਬੁਮਬਾਸ਼ੀ"}
        }
        "Africa:Lusaka"{
            ec{"ਲੁਸਾਕਾ"}
        }
        "Africa:Malabo"{
            ec{"ਮਾਲਾਬੋ"}
        }
        "Africa:Maputo"{
            ec{"ਮਾਪੁਟੋ"}
        }
        "Africa:Maseru"{
            ec{"ਮਸੇਰੂ"}
        }
        "Africa:Mbabane"{
            ec{"ਏਮਬਾਬਾਨੇ"}
        }
        "Africa:Mogadishu"{
            ec{"ਮੋਗਾਦਿਸ਼ੂ"}
        }
        "Africa:Monrovia"{
            ec{"ਮੋਨਰੋਵੀਆ"}
        }
        "Africa:Nairobi"{
            ec{"ਨੈਰੋਬੀ"}
        }
        "Africa:Ndjamena"{
            ec{"ਐੰਜਾਮੀਨਾ"}
        }
        "Africa:Niamey"{
            ec{"ਨਿਆਮੇ"}
        }
        "Africa:Nouakchott"{
            ec{"ਨੌਆਕਸ਼ਾਟ"}
        }
        "Africa:Ouagadougou"{
            ec{"ਉਆਗਾਡੂਗੂ"}
        }
        "Africa:Porto-Novo"{
            ec{"ਪੋਰਟੋ-ਨੋਵੋ"}
        }
        "Africa:Sao_Tome"{
            ec{"ਸਾਓ ਟੋਮ"}
        }
        "Africa:Tripoli"{
            ec{"ਟ੍ਰਿਪੋਲੀ"}
        }
        "Africa:Tunis"{
            ec{"ਟਿਉਨੀਸ"}
        }
        "Africa:Windhoek"{
            ec{"ਵਿੰਡਹੋਇਕ"}
        }
        "America:Adak"{
            ec{"ਏਡਕ"}
        }
        "America:Anchorage"{
            ec{"ਐਂਕਰੇਜ"}
        }
        "America:Anguilla"{
            ec{"ਅੰਗੁਇਲਾ"}
        }
        "America:Antigua"{
            ec{"ਐਂਟੀਗੁਆ"}
        }
        "America:Araguaina"{
            ec{"ਆਰਗੁਆਇਨਾ"}
        }
        "America:Argentina:La_Rioja"{
            ec{"ਲਾ ਰਿਉਜਾ"}
        }
        "America:Argentina:Rio_Gallegos"{
            ec{"ਰਿਓ ਗੈਲੇਗੋਸ"}
        }
        "America:Argentina:Salta"{
            ec{"ਸਾਲਟਾ"}
        }
        "America:Argentina:San_Juan"{
            ec{"ਸੇਨ ਜੁਆਨ"}
        }
        "America:Argentina:San_Luis"{
            ec{"ਸੇਨ ਲੂਈਸ"}
        }
        "America:Argentina:Tucuman"{
            ec{"ਟੁਕੁਮਨ"}
        }
        "America:Argentina:Ushuaia"{
            ec{"ਉਸ਼ਵਾਇਆ"}
        }
        "America:Aruba"{
            ec{"ਅਰੂਬਾ"}
        }
        "America:Asuncion"{
            ec{"ਐਸੁਂਕੀਅਨ"}
        }
        "America:Bahia"{
            ec{"ਬਾਹੀਆ"}
        }
        "America:Bahia_Banderas"{
            ec{"ਬਾਹੀਆ ਬਾਂਦੇਰਸ"}
        }
        "America:Barbados"{
            ec{"ਬਾਰਬਾਡੋਸ"}
        }
        "America:Belem"{
            ec{"ਬੇਲੇਮ"}
        }
        "America:Belize"{
            ec{"ਬੇਲੀਜ਼"}
        }
        "America:Blanc-Sablon"{
            ec{"ਬਲੈਂਕ-ਸੈਬਲਾਨ"}
        }
        "America:Boa_Vista"{
            ec{"ਬੋਆ ਵਿਸਟਾ"}
        }
        "America:Bogota"{
            ec{"ਬੋਗੋਟਾ"}
        }
        "America:Boise"{
            ec{"ਬੋਇਸ"}
        }
        "America:Buenos_Aires"{
            ec{"ਬਿਉਨੋ ਆਇਰਸ"}
        }
        "America:Cambridge_Bay"{
            ec{"ਕੈਮਬ੍ਰਿਜ ਬੇ"}
        }
        "America:Campo_Grande"{
            ec{"ਕੈਂਪੋ ਗ੍ਰਾਂਡੇ"}
        }
        "America:Cancun"{
            ec{"ਕੈਨਕੁਨ"}
        }
        "America:Caracas"{
            ec{"ਕੈਰਾਕਾਸ"}
        }
        "America:Catamarca"{
            ec{"ਕੈਟਾਮਾਰਕਾ"}
        }
        "America:Cayenne"{
            ec{"ਕੇਯੇਨੇ"}
        }
        "America:Cayman"{
            ec{"ਕੇਮੈਨ"}
        }
        "America:Chicago"{
            ec{"ਸ਼ਿਕਾਗੋ"}
        }
        "America:Chihuahua"{
            ec{"ਚਿਹੁਆਹੁਆ"}
        }
        "America:Coral_Harbour"{
            ec{"ਐਟੀਕੋਕਨ"}
        }
        "America:Cordoba"{
            ec{"ਕੋਰਡੋਬਾ"}
        }
        "America:Costa_Rica"{
            ec{"ਕੋਸਟਾ ਰੀਕਾ"}
        }
        "America:Creston"{
            ec{"ਕ੍ਰੈਸਟਨ"}
        }
        "America:Cuiaba"{
            ec{"ਕਯੁਏਬਾ"}
        }
        "America:Curacao"{
            ec{"ਕੁਰਾਕਾਓ"}
        }
        "America:Danmarkshavn"{
            ec{"ਡੈਨਮਾਰਕਸ਼ੌਨ"}
        }
        "America:Dawson"{
            ec{"ਡੌਅਸਨ"}
        }
        "America:Dawson_Creek"{
            ec{"ਡੌਅਸਨ ਕ੍ਰੀਕ"}
        }
        "America:Denver"{
            ec{"ਡੇਨਵਰ"}
        }
        "America:Detroit"{
            ec{"ਡਿਟਰੋਇਟ"}
        }
        "America:Dominica"{
            ec{"ਡੋਮੀਨਿਕਾ"}
        }
        "America:Edmonton"{
            ec{"ਐਡਮੋਂਟਨ"}
        }
        "America:Eirunepe"{
            ec{"ਯੁਰੂਨੀਪੇ"}
        }
        "America:El_Salvador"{
            ec{"ਅਲ ਸਲਵਾਡੋਰ"}
        }
        "America:Fortaleza"{
            ec{"ਫੋਰਟਾਲੇਜ਼ਾ"}
        }
        "America:Glace_Bay"{
            ec{"ਗਲੇਸ ਬੇ"}
        }
        "America:Godthab"{
            ec{"ਨੂਕ"}
        }
        "America:Goose_Bay"{
            ec{"ਗੂਜ਼ ਬੇ"}
        }
        "America:Grand_Turk"{
            ec{"ਗਰਾਂਡ ਤੁਰਕ"}
        }
        "America:Grenada"{
            ec{"ਗ੍ਰੇਨਾਡਾ"}
        }
        "America:Guadeloupe"{
            ec{"ਗੁਆਡੇਲੋਪ"}
        }
        "America:Guatemala"{
            ec{"ਗੁਆਟੇਮਾਲਾ"}
        }
        "America:Guayaquil"{
            ec{"ਗੁਆਇਕਵਿਲ"}
        }
        "America:Guyana"{
            ec{"ਗੁਯਾਨਾ"}
        }
        "America:Halifax"{
            ec{"ਹੈਲੀਫੈਕਸ"}
        }
        "America:Havana"{
            ec{"ਹਵਾਨਾ"}
        }
        "America:Hermosillo"{
            ec{"ਹਰਮੋਸਿੱਲੋ"}
        }
        "America:Indiana:Knox"{
            ec{"ਨੋਕਸ, ਇੰਡੀਆਨਾ"}
        }
        "America:Indiana:Marengo"{
            ec{"ਮਾਰੇਂਗੋ, ਇੰਡੀਆਨਾ"}
        }
        "America:Indiana:Petersburg"{
            ec{"ਪੀਟਰਸਬਰਗ, ਇੰਡੀਆਨਾ"}
        }
        "America:Indiana:Tell_City"{
            ec{"ਟੈਲ ਸਿਟੀ, ਇੰਡੀਆਨਾ"}
        }
        "America:Indiana:Vevay"{
            ec{"ਵੇਵੇ"}
        }
        "America:Indiana:Vincennes"{
            ec{"ਵਿੰਸੇਨੇਸ, ਇੰਡੀਆਨਾ"}
        }
        "America:Indiana:Winamac"{
            ec{"ਵਿਨਮੈਕ, ਇੰਡੀਆਨਾ"}
        }
        "America:Indianapolis"{
            ec{"ਇੰਡੀਆਨਾਪੋਲਿਸ"}
        }
        "America:Inuvik"{
            ec{"ਇਨੁਵਿਕ"}
        }
        "America:Iqaluit"{
            ec{"ਇਕਾਲੁਈਟ"}
        }
        "America:Jamaica"{
            ec{"ਜਮਾਇਕਾ"}
        }
        "America:Jujuy"{
            ec{"ਜੂਜੁਏ"}
        }
        "America:Juneau"{
            ec{"ਜਯੂਨੋ"}
        }
        "America:Kentucky:Monticello"{
            ec{"ਮੋੰਟੀਸੈਲੋ, ਕੈਂਟਕੀ"}
        }
        "America:Kralendijk"{
            ec{"ਕ੍ਰਾਲੇਂਦਿਜਕ"}
        }
        "America:La_Paz"{
            ec{"ਲਾ ਪਾਜ਼"}
        }
        "America:Lima"{
            ec{"ਲੀਮਾ"}
        }
        "America:Los_Angeles"{
            ec{"ਲਾਸ ਐਂਜਲਸ"}
        }
        "America:Louisville"{
            ec{"ਲੁਈਸਵਿਲੇ"}
        }
        "America:Lower_Princes"{
            ec{"ਲੋਅਰ ਪ੍ਰਿੰਸ'ਸ ਕਵਾਰਟਰ"}
        }
        "America:Maceio"{
            ec{"ਮੈਸੀਓ"}
        }
        "America:Managua"{
            ec{"ਮਨਾਗੁਆ"}
        }
        "America:Manaus"{
            ec{"ਮਨੌਸ"}
        }
        "America:Marigot"{
            ec{"ਮੈਰੀਗੋਟ"}
        }
        "America:Martinique"{
            ec{"ਮਾਰਟੀਨਿਕ"}
        }
        "America:Matamoros"{
            ec{"ਮਾਟਾਮੋਰਸ"}
        }
        "America:Mazatlan"{
            ec{"ਮਜ਼ੇਤਲਾਨ"}
        }
        "America:Mendoza"{
            ec{"ਮੈਂਡੋਜ਼ਾ"}
        }
        "America:Menominee"{
            ec{"ਮੈਨੋਮਿਨੀ"}
        }
        "America:Merida"{
            ec{"ਮੇਰਿਡਾ"}
        }
        "America:Metlakatla"{
            ec{"ਮੇਟਲਾਕਾਟਲਾ"}
        }
        "America:Mexico_City"{
            ec{"ਮੈਕਸੀਕੋ ਸਿਟੀ"}
        }
        "America:Miquelon"{
            ec{"ਮਿਕੇਲਨ"}
        }
        "America:Moncton"{
            ec{"ਮੋਂਕਟਨ"}
        }
        "America:Monterrey"{
            ec{"ਮੋਨਟੇਰੀ"}
        }
        "America:Montevideo"{
            ec{"ਮੋਂਟੇਵੀਡੀਓ"}
        }
        "America:Montreal"{
            ec{"ਮੋਂਟਰੀਅਲ"}
        }
        "America:Montserrat"{
            ec{"ਮੋਂਟਸੇਰਾਤ"}
        }
        "America:Nassau"{
            ec{"ਨਾਸਾਓ"}
        }
        "America:New_York"{
            ec{"ਨਿਊ ਯਾਰਕ"}
        }
        "America:Nipigon"{
            ec{"ਨਿਪਿਗੌਨ"}
        }
        "America:Nome"{
            ec{"ਨੋਮ"}
        }
        "America:Noronha"{
            ec{"ਨੌਰੋਨਹਾ"}
        }
        "America:North_Dakota:Beulah"{
            ec{"ਬਿਉਲਾ, ਉੱਤਰੀ ਡਕੋਟਾ"}
        }
        "America:North_Dakota:Center"{
            ec{"ਸੇਂਟਰ, ਉੱਤਰੀ ਡਕੋਟਾ"}
        }
        "America:North_Dakota:New_Salem"{
            ec{"ਨਿਊ ਸਲੇਮ, ਉੱਤਰੀ ਡਕੋਟਾ"}
        }
        "America:Ojinaga"{
            ec{"ਓਜੀਨਾਗਾ"}
        }
        "America:Panama"{
            ec{"ਪਨਾਮਾ"}
        }
        "America:Pangnirtung"{
            ec{"ਪੈਂਗਨਿਰਟੰਗ"}
        }
        "America:Paramaribo"{
            ec{"ਪੈਰਾਮਰੀਬੋ"}
        }
        "America:Phoenix"{
            ec{"ਫੋਨਿਕਸ"}
        }
        "America:Port-au-Prince"{
            ec{"ਪੋਰਟ-ਔ-ਪ੍ਰਿੰਸ"}
        }
        "America:Port_of_Spain"{
            ec{"ਪੋਰਟ ਔਫ ਸਪੇਨ"}
        }
        "America:Porto_Velho"{
            ec{"ਪੋਰਟੋ ਵੇਲ੍ਹੋ"}
        }
        "America:Puerto_Rico"{
            ec{"ਪਿਊਰਟੋ ਰੀਕੋ"}
        }
        "America:Rainy_River"{
            ec{"ਰੇਨੀ ਰਿਵਰ"}
        }
        "America:Rankin_Inlet"{
            ec{"ਰੈਂਕਿਨ ਇਨਲੈਟ"}
        }
        "America:Recife"{
            ec{"ਰੇਸੀਫੇ"}
        }
        "America:Regina"{
            ec{"ਰੈਜੀਨਾ"}
        }
        "America:Resolute"{
            ec{"ਰੈਜ਼ੋਲਿਊਟ"}
        }
        "America:Rio_Branco"{
            ec{"ਰਿਓ ਬ੍ਰਾਂਕੋ"}
        }
        "America:Santa_Isabel"{
            ec{"ਸੈਂਟਾ ਇਸਾਬੇਲ"}
        }
        "America:Santarem"{
            ec{"ਸੇਂਟਾਰਮ"}
        }
        "America:Santiago"{
            ec{"ਸੇਂਟੀਆਗੋ"}
        }
        "America:Santo_Domingo"{
            ec{"ਸੇਂਟੋ ਡੋਮਿੰਗੋ"}
        }
        "America:Sao_Paulo"{
            ec{"ਸਾਓ ਪੌਲੋ"}
        }
        "America:Scoresbysund"{
            ec{"ਇੱਟੋਕੋਰਟੂਰਮੀਟ"}
        }
        "America:Shiprock"{
            ec{"ਸ਼ਿਪਰੌਕ"}
        }
        "America:Sitka"{
            ec{"ਸਿਟਕਾ"}
        }
        "America:St_Barthelemy"{
            ec{"ਸੇਂਟ ਬਾਰਥੇਲੇਮੀ"}
        }
        "America:St_Johns"{
            ec{"ਸੇਂਟ ਜੌਨਸ"}
        }
        "America:St_Kitts"{
            ec{"ਸੇਂਟ ਕਿਟਸ"}
        }
        "America:St_Lucia"{
            ec{"ਸੇਂਟ ਲੁਸੀਆ"}
        }
        "America:St_Thomas"{
            ec{"ਸੇਂਟ ਥੋਮਸ"}
        }
        "America:St_Vincent"{
            ec{"ਸੇਂਟ ਵਿਨਸੇਂਟ"}
        }
        "America:Swift_Current"{
            ec{"ਸਵਿਫਟ ਕਰੈਂਟ"}
        }
        "America:Tegucigalpa"{
            ec{"ਟੇਗੁਸੀਗਲਪਾ"}
        }
        "America:Thule"{
            ec{"ਥੁਲੇ"}
        }
        "America:Thunder_Bay"{
            ec{"ਥੰਡਰ ਬੇ"}
        }
        "America:Tijuana"{
            ec{"ਟਿਜੂਆਨਾ"}
        }
        "America:Toronto"{
            ec{"ਟੋਰੰਟੋ"}
        }
        "America:Tortola"{
            ec{"ਟੋਰਟੋਲਾ"}
        }
        "America:Vancouver"{
            ec{"ਵੈਨਕੂਵਰ"}
        }
        "America:Whitehorse"{
            ec{"ਵਾਈਟਹੌਰਸ"}
        }
        "America:Winnipeg"{
            ec{"ਵਿਨੀਪੇਗ"}
        }
        "America:Yakutat"{
            ec{"ਯਕੁਤਤ"}
        }
        "America:Yellowknife"{
            ec{"ਯੈਲੋਨਾਈਫ"}
        }
        "Antarctica:Casey"{
            ec{"ਕਾਸੇ"}
        }
        "Antarctica:Davis"{
            ec{"ਡੇਵਿਸ"}
        }
        "Antarctica:DumontDUrville"{
            ec{"ਡਿਉਮੋਂਟ ਡਿਉਰਵਿਲੇ"}
        }
        "Antarctica:Macquarie"{
            ec{"ਮੈਕਕਵੈਰੀ"}
        }
        "Antarctica:Mawson"{
            ec{"ਮੌਸਨ"}
        }
        "Antarctica:McMurdo"{
            ec{"ਮੈਕਮੁਰਡੋ"}
        }
        "Antarctica:Palmer"{
            ec{"ਪਾਮਰ"}
        }
        "Antarctica:Rothera"{
            ec{"ਰੋਥੇਰਾ"}
        }
        "Antarctica:South_Pole"{
            ec{"ਦੱਖਣੀ ਧਰੁੱਵ"}
        }
        "Antarctica:Syowa"{
            ec{"ਸਵੋਯਾ"}
        }
        "Antarctica:Vostok"{
            ec{"ਵੋਸਟੋਕ"}
        }
        "Arctic:Longyearbyen"{
            ec{"ਲੋਂਗਈਅਰਬਾਇਨ"}
        }
        "Asia:Aden"{
            ec{"ਅਡੇਨ"}
        }
        "Asia:Almaty"{
            ec{"ਅਲਮੇਟੀ"}
        }
        "Asia:Amman"{
            ec{"ਅੰਮਾਨ"}
        }
        "Asia:Anadyr"{
            ec{"ਇਨਾਡਾਇਰ"}
        }
        "Asia:Aqtau"{
            ec{"ਅਕਤੌ"}
        }
        "Asia:Aqtobe"{
            ec{"ਅਕਤੋਬੇ"}
        }
        "Asia:Ashgabat"{
            ec{"ਅਸ਼ਗਾਬਾਟ"}
        }
        "Asia:Baghdad"{
            ec{"ਬਗਦਾਦ"}
        }
        "Asia:Bahrain"{
            ec{"ਬਹਿਰੀਨ"}
        }
        "Asia:Baku"{
            ec{"ਬਾਕੂ"}
        }
        "Asia:Bangkok"{
            ec{"ਬੈਂਗਕਾਕ"}
        }
        "Asia:Beirut"{
            ec{"ਬੈਰੂਤ"}
        }
        "Asia:Bishkek"{
            ec{"ਬਿਸ਼ਕੇਕ"}
        }
        "Asia:Brunei"{
            ec{"ਬਰੂਨੇਈ"}
        }
        "Asia:Calcutta"{
            ec{"ਕੋਲਕਾਤਾ"}
        }
        "Asia:Choibalsan"{
            ec{"ਚੋਇਲਬਾਲਸਨ"}
        }
        "Asia:Chongqing"{
            ec{"ਚੋਂਗਿੰਗ"}
        }
        "Asia:Colombo"{
            ec{"ਕੋਲੰਬੋ"}
        }
        "Asia:Damascus"{
            ec{"ਡੈਮਸਕਸ"}
        }
        "Asia:Dhaka"{
            ec{"ਢਾਕਾ"}
        }
        "Asia:Dili"{
            ec{"ਡਿਲੀ"}
        }
        "Asia:Dubai"{
            ec{"ਦੁਬਈ"}
        }
        "Asia:Dushanbe"{
            ec{"ਦੁਸ਼ਾਂਬੇ"}
        }
        "Asia:Gaza"{
            ec{"ਗਾਜਾ"}
        }
        "Asia:Harbin"{
            ec{"ਹਾਰਬਿਨ"}
        }
        "Asia:Hebron"{
            ec{"ਹੇਬਰਾਨ"}
        }
        "Asia:Hong_Kong"{
            ec{"ਹਾਂਗ ਕਾਂਗ"}
        }
        "Asia:Hovd"{
            ec{"ਹੋਵਡ"}
        }
        "Asia:Irkutsk"{
            ec{"ਇਰਕੁਤਸਕ"}
        }
        "Asia:Jakarta"{
            ec{"ਜਕਾਰਤਾ"}
        }
        "Asia:Jayapura"{
            ec{"ਜਯਾਪੁਰਾ"}
        }
        "Asia:Jerusalem"{
            ec{"ਜੇਰੂਸਲਮ"}
        }
        "Asia:Kabul"{
            ec{"ਕਾਬੁਲ"}
        }
        "Asia:Kamchatka"{
            ec{"ਕਮਚਟਕਾ"}
        }
        "Asia:Karachi"{
            ec{"ਕਰਾਚੀ"}
        }
        "Asia:Kashgar"{
            ec{"ਕੈਸ਼ਗਰ"}
        }
        "Asia:Katmandu"{
            ec{"ਕਾਠਮਾਂਡੂ"}
        }
        "Asia:Khandyga"{
            ec{"ਖਾਨਡਿਗਾ"}
        }
        "Asia:Krasnoyarsk"{
            ec{"ਕਰੈਸਨੇਜਰਸ"}
        }
        "Asia:Kuala_Lumpur"{
            ec{"ਕੌਲਾ ਲੁੰਪੁਰ"}
        }
        "Asia:Kuching"{
            ec{"ਕੁਚਿੰਗ"}
        }
        "Asia:Kuwait"{
            ec{"ਕੁਵੈਤ"}
        }
        "Asia:Macau"{
            ec{"ਮਕਾਉ"}
        }
        "Asia:Magadan"{
            ec{"ਮੈਗੇਡਨ"}
        }
        "Asia:Makassar"{
            ec{"ਮਕਸਾਰ"}
        }
        "Asia:Manila"{
            ec{"ਮਨੀਲਾ"}
        }
        "Asia:Muscat"{
            ec{"ਮਸਕਟ"}
        }
        "Asia:Nicosia"{
            ec{"ਨਿਕੋਸੀਆ"}
        }
        "Asia:Novokuznetsk"{
            ec{"ਨੋਵੋਕੁਜ਼ਨੇਟਸਕ"}
        }
        "Asia:Novosibirsk"{
            ec{"ਨੋਵੋਸਿਬੀਰਸਕ"}
        }
        "Asia:Omsk"{
            ec{"ਓਮਸਕ"}
        }
        "Asia:Oral"{
            ec{"ਓਰਲ"}
        }
        "Asia:Phnom_Penh"{
            ec{"ਫਨੋਮ ਪੇਨਹ"}
        }
        "Asia:Pontianak"{
            ec{"ਪੌਂਟੀਆਨਾਕ"}
        }
        "Asia:Pyongyang"{
            ec{"ਪਯੋਂਗਯਾਂਗ"}
        }
        "Asia:Qatar"{
            ec{"ਕਤਰ"}
        }
        "Asia:Qyzylorda"{
            ec{"ਕਿਜ਼ੀਲੋਰਡਾ"}
        }
        "Asia:Rangoon"{
            ec{"ਰੰਗੂਨ"}
        }
        "Asia:Riyadh"{
            ec{"ਰਿਯਾਧ"}
        }
        "Asia:Saigon"{
            ec{"ਹੋ ਚਾਈ ਮਿਨ੍ਹ ਸਿਟੀ"}
        }
        "Asia:Sakhalin"{
            ec{"ਸਖਲੀਨ"}
        }
        "Asia:Samarkand"{
            ec{"ਸਮਰਕਂਡ"}
        }
        "Asia:Seoul"{
            ec{"ਸਿਉਲ"}
        }
        "Asia:Shanghai"{
            ec{"ਸ਼ੰਘਾਈ"}
        }
        "Asia:Singapore"{
            ec{"ਸਿੰਗਾਪੁਰ"}
        }
        "Asia:Taipei"{
            ec{"ਤੈਪਈ"}
        }
        "Asia:Tashkent"{
            ec{"ਤਾਸ਼ਕੈਂਟ"}
        }
        "Asia:Tbilisi"{
            ec{"ਟਬਿਲਿਸੀ"}
        }
        "Asia:Tehran"{
            ec{"ਤੇਹਰਾਨ"}
        }
        "Asia:Thimphu"{
            ec{"ਥਿੰਫੂ"}
        }
        "Asia:Tokyo"{
            ec{"ਟੋਕਯੋ"}
        }
        "Asia:Ulaanbaatar"{
            ec{"ਉਲਾਨਬਾਤਰ"}
        }
        "Asia:Urumqi"{
            ec{"ਊਰੂਮਕੀ"}
        }
        "Asia:Ust-Nera"{
            ec{"ਉਸਤ-ਨੇਰਾ"}
        }
        "Asia:Vientiane"{
            ec{"ਵਾਏਨਟਿਆਨੇ"}
        }
        "Asia:Vladivostok"{
            ec{"ਵਲਾਦੀਵੋਸਤਕ"}
        }
        "Asia:Yakutsk"{
            ec{"ਯਕੁਤਸਕ"}
        }
        "Asia:Yekaterinburg"{
            ec{"ਯਕੇਤਰਿਨਬਰਗ"}
        }
        "Asia:Yerevan"{
            ec{"ਯੇਰੇਵਨ"}
        }
        "Atlantic:Azores"{
            ec{"ਅਜੋਰੇਸ"}
        }
        "Atlantic:Bermuda"{
            ec{"ਬਰਮੂਡਾ"}
        }
        "Atlantic:Canary"{
            ec{"ਕੇਨੇਰੀ"}
        }
        "Atlantic:Cape_Verde"{
            ec{"ਕੇਪ ਵਰਡ"}
        }
        "Atlantic:Faeroe"{
            ec{"ਫੈਰੋ"}
        }
        "Atlantic:Madeira"{
            ec{"ਮਡੀਅਰਾ"}
        }
        "Atlantic:Reykjavik"{
            ec{"ਰੇਕਜਾਵਿਕ"}
        }
        "Atlantic:South_Georgia"{
            ec{"ਦੱਖਣੀ ਜਾਰਜਿਆ"}
        }
        "Atlantic:St_Helena"{
            ec{"ਸੇਂਟ ਹੇਲੇਨਾ"}
        }
        "Atlantic:Stanley"{
            ec{"ਸਟੇਨਲੀ"}
        }
        "Australia:Adelaide"{
            ec{"ਏਡੀਲੇਡ"}
        }
        "Australia:Brisbane"{
            ec{"ਬ੍ਰਿਸਬੇਨ"}
        }
        "Australia:Broken_Hill"{
            ec{"ਬ੍ਰੋਕਨ ਹਿਲ"}
        }
        "Australia:Currie"{
            ec{"ਕਰੀ"}
        }
        "Australia:Darwin"{
            ec{"ਡਾਰਵਿਨ"}
        }
        "Australia:Eucla"{
            ec{"ਯੂਕਲਾ"}
        }
        "Australia:Hobart"{
            ec{"ਹੋਬਾਰਟ"}
        }
        "Australia:Lindeman"{
            ec{"ਲਿੰਡੇਮਨ"}
        }
        "Australia:Lord_Howe"{
            ec{"ਲੌਰਡ ਹੋਵੇ"}
        }
        "Australia:Melbourne"{
            ec{"ਮੈਲਬੋਰਨ"}
        }
        "Australia:Perth"{
            ec{"ਪਰਥ"}
        }
        "Australia:Sydney"{
            ec{"ਸਿਡਨੀ"}
        }
        "Etc:Unknown"{
            ec{"ਅਗਿਆਤ ਸ਼ਹਿਰ"}
        }
        "Europe:Amsterdam"{
            ec{"ਐਮਸਟਰਡਮ"}
        }
        "Europe:Andorra"{
            ec{"ਅੰਡੋਰਾ"}
        }
        "Europe:Athens"{
            ec{"ਏਥਨਸ"}
        }
        "Europe:Belgrade"{
            ec{"ਬੈਲਗ੍ਰੇਡ"}
        }
        "Europe:Berlin"{
            ec{"ਬਰਲਿਨ"}
        }
        "Europe:Bratislava"{
            ec{"ਬ੍ਰਟਿਸਲਾਵਾ"}
        }
        "Europe:Brussels"{
            ec{"ਬਰੂਸੇਲਸ"}
        }
        "Europe:Bucharest"{
            ec{"ਬੁਚਾਰੇਸਟ"}
        }
        "Europe:Budapest"{
            ec{"ਬੁਡਾਪੇਸਟ"}
        }
        "Europe:Busingen"{
            ec{"ਬੁਸਿਂਜੇਨ"}
        }
        "Europe:Chisinau"{
            ec{"ਚਿਸਿਨੌ"}
        }
        "Europe:Copenhagen"{
            ec{"ਕੋਪੇਨਹੇਗਨ"}
        }
        "Europe:Dublin"{
            ec{"ਡਬਲਿਨ"}
            ld{"ਆਇਰਿਸ਼ ਗਰਮੀ-ਰੁੱਤ ਸਮਾਂ"}
        }
        "Europe:Gibraltar"{
            ec{"ਜਿਬਰਾਲਟਰ"}
        }
        "Europe:Guernsey"{
            ec{"ਗਰਨਸੀ"}
        }
        "Europe:Helsinki"{
            ec{"ਹੇਲਸਿੰਕੀ"}
        }
        "Europe:Isle_of_Man"{
            ec{"ਆਇਲ ਆਫ ਮੈਨ"}
        }
        "Europe:Istanbul"{
            ec{"ਇਸਤਨਾਬੁਲ"}
        }
        "Europe:Jersey"{
            ec{"ਜਰਸੀ"}
        }
        "Europe:Kaliningrad"{
            ec{"ਕਾਲੀਨਿੰਗ੍ਰੇਡ"}
        }
        "Europe:Kiev"{
            ec{"ਕੀਵ"}
        }
        "Europe:Lisbon"{
            ec{"ਲਿਸਬਨ"}
        }
        "Europe:Ljubljana"{
            ec{"ਲਜੁਬਲਜਾਨਾ"}
        }
        "Europe:London"{
            ec{"ਲੰਡਨ"}
            ld{"ਬ੍ਰਿਟਿਸ਼ ਗਰਮੀ-ਰੁੱਤ ਸਮਾਂ"}
        }
        "Europe:Luxembourg"{
            ec{"ਲਕਜ਼ਮਬਰਗ"}
        }
        "Europe:Madrid"{
            ec{"ਮੈਡ੍ਰਿਡ"}
        }
        "Europe:Malta"{
            ec{"ਮਾਲਟਾ"}
        }
        "Europe:Mariehamn"{
            ec{"ਮਾਰੀਏਹਾਮੇਨ"}
        }
        "Europe:Minsk"{
            ec{"ਮਿੰਸਕ"}
        }
        "Europe:Monaco"{
            ec{"ਮੋਨਾਕੋ"}
        }
        "Europe:Moscow"{
            ec{"ਮਾਸਕੋ"}
        }
        "Europe:Oslo"{
            ec{"ਓਸਲੋ"}
        }
        "Europe:Paris"{
            ec{"ਪੈਰਿਸ"}
        }
        "Europe:Podgorica"{
            ec{"ਪੋਡਗੋਰੀਕਾ"}
        }
        "Europe:Prague"{
            ec{"ਪ੍ਰਾਗ"}
        }
        "Europe:Riga"{
            ec{"ਰਿਗਾ"}
        }
        "Europe:Rome"{
            ec{"ਰੋਮ"}
        }
        "Europe:Samara"{
            ec{"ਸਮਾਰਾ"}
        }
        "Europe:San_Marino"{
            ec{"ਸੈਨ ਮਰੀਨੋ"}
        }
        "Europe:Sarajevo"{
            ec{"ਸਾਰਾਜੇਵੋ"}
        }
        "Europe:Simferopol"{
            ec{"ਸਿਮਫਰੋਪੋਲ"}
        }
        "Europe:Skopje"{
            ec{"ਸਕੋਪਜੇ"}
        }
        "Europe:Sofia"{
            ec{"ਸੋਫੀਆ"}
        }
        "Europe:Stockholm"{
            ec{"ਸਟਾਕਹੋਮ"}
        }
        "Europe:Tallinn"{
            ec{"ਟੱਲਿਨ"}
        }
        "Europe:Tirane"{
            ec{"ਤਿਰਾਨੇ"}
        }
        "Europe:Uzhgorod"{
            ec{"ਉਝਗੋਰੋਡ"}
        }
        "Europe:Vaduz"{
            ec{"ਵਾਡੁਜ਼"}
        }
        "Europe:Vatican"{
            ec{"ਵੈਟਿਕਨ"}
        }
        "Europe:Vienna"{
            ec{"ਵਿਏਨਾ"}
        }
        "Europe:Vilnius"{
            ec{"ਵਿਲਨਿਅਸ"}
        }
        "Europe:Volgograd"{
            ec{"ਵੋਲਗੋਗ੍ਰੇਡ"}
        }
        "Europe:Warsaw"{
            ec{"ਵਾਰਸਾਅ"}
        }
        "Europe:Zagreb"{
            ec{"ਜ਼ਗਰੇਬ"}
        }
        "Europe:Zaporozhye"{
            ec{"ਜਪੋਰੋਜ਼ਾਏ"}
        }
        "Europe:Zurich"{
            ec{"ਜਿਊਰਿਖ"}
        }
        "Indian:Antananarivo"{
            ec{"ਅੰਟਾਨਨੇਰਿਵੋ"}
        }
        "Indian:Chagos"{
            ec{"ਚਾਗੋਸ"}
        }
        "Indian:Christmas"{
            ec{"ਕ੍ਰਿਸਮਸ"}
        }
        "Indian:Cocos"{
            ec{"ਕੋਕੋਜ਼"}
        }
        "Indian:Comoro"{
            ec{"ਕੋਮੋਰੋ"}
        }
        "Indian:Kerguelen"{
            ec{"ਕਰਗਯੂਲੇਨ"}
        }
        "Indian:Mahe"{
            ec{"ਮਾਹੇ"}
        }
        "Indian:Maldives"{
            ec{"ਮਾਲਦੀਵ"}
        }
        "Indian:Mauritius"{
            ec{"ਮੌਰਿਸ਼ਸ"}
        }
        "Indian:Mayotte"{
            ec{"ਮਾਯੋਟੀ"}
        }
        "Indian:Reunion"{
            ec{"ਰਿਯੂਨੀਅਨ"}
        }
        "Pacific:Apia"{
            ec{"ਐਪਿਆ"}
        }
        "Pacific:Auckland"{
            ec{"ਔਕਲੈਂਡ"}
        }
        "Pacific:Chatham"{
            ec{"ਚੈਤਹੈਮ"}
        }
        "Pacific:Easter"{
            ec{"ਈਸਟਰ"}
        }
        "Pacific:Efate"{
            ec{"ਇਫੇਟ"}
        }
        "Pacific:Enderbury"{
            ec{"ਏੰਡਰਬਰੀ"}
        }
        "Pacific:Fakaofo"{
            ec{"ਫਕਾਉਫੋ"}
        }
        "Pacific:Fiji"{
            ec{"ਫ਼ਿਜੀ"}
        }
        "Pacific:Funafuti"{
            ec{"ਫੁਨਾਫੁਟੀ"}
        }
        "Pacific:Galapagos"{
            ec{"ਗਲਪੇਗੋਸ"}
        }
        "Pacific:Gambier"{
            ec{"ਗੈਂਬੀਅਰ"}
        }
        "Pacific:Guadalcanal"{
            ec{"ਗੁਆਡਾਕੇਨਲ"}
        }
        "Pacific:Guam"{
            ec{"ਗੁਆਮ"}
        }
        "Pacific:Honolulu"{
            ec{"ਹੋਨੋਲੁਲੂ"}
        }
        "Pacific:Johnston"{
            ec{"ਜੋਨਸਟਨ"}
        }
        "Pacific:Kiritimati"{
            ec{"ਕਿਰਿਤਿਮਤੀ"}
        }
        "Pacific:Kosrae"{
            ec{"ਕੋਸ੍ਰਾਏ"}
        }
        "Pacific:Kwajalein"{
            ec{"ਕਵਾਜਾਲੀਨ"}
        }
        "Pacific:Majuro"{
            ec{"ਮੇਜੁਰੋ"}
        }
        "Pacific:Marquesas"{
            ec{"ਮਾਰਕਿਸਾਸ"}
        }
        "Pacific:Midway"{
            ec{"ਮਿਡਵੇ"}
        }
        "Pacific:Nauru"{
            ec{"ਨਾਉਰੂ"}
        }
        "Pacific:Niue"{
            ec{"ਨਿਯੂ"}
        }
        "Pacific:Norfolk"{
            ec{"ਨੋਰਫੌਕ"}
        }
        "Pacific:Noumea"{
            ec{"ਨਾਉਮੇ"}
        }
        "Pacific:Pago_Pago"{
            ec{"ਪਾਗੋ ਪਾਗੋ"}
        }
        "Pacific:Palau"{
            ec{"ਪਲਾਉ"}
        }
        "Pacific:Pitcairn"{
            ec{"ਪਿਟਕੈਰਨ"}
        }
        "Pacific:Ponape"{
            ec{"ਪੋਹਨਪੇਈ"}
        }
        "Pacific:Port_Moresby"{
            ec{"ਪੋਰਟ ਮੋਰੇਸਬੀ"}
        }
        "Pacific:Rarotonga"{
            ec{"ਰਾਰੋਟੋਂਗਾ"}
        }
        "Pacific:Saipan"{
            ec{"ਸੈਪਾਨ"}
        }
        "Pacific:Tahiti"{
            ec{"ਤਹਿਤੀ"}
        }
        "Pacific:Tarawa"{
            ec{"ਟਾਰਾਵਾ"}
        }
        "Pacific:Tongatapu"{
            ec{"ਟੋਂਗਾਟਾਪੂ"}
        }
        "Pacific:Truk"{
            ec{"ਚੂਕ"}
        }
        "Pacific:Wake"{
            ec{"ਵੇਕ"}
        }
        "Pacific:Wallis"{
            ec{"ਵਾਲਿਸ"}
        }
        "meta:Afghanistan"{
            ls{"ਅਫ਼ਗਾਨਿਸਤਾਨ ਸਮਾਂ"}
        }
        "meta:Africa_Central"{
            ls{"ਕੇਂਦਰੀ ਅਫਰੀਕਾ ਸਮਾਂ"}
        }
        "meta:Africa_Eastern"{
            ls{"ਪੂਰਬੀ ਅਫਰੀਕਾ ਸਮਾਂ"}
        }
        "meta:Africa_Southern"{
            ls{"ਦੱਖਣੀ ਅਫਰੀਕਾ ਸਮਾਂ"}
        }
        "meta:Africa_Western"{
            ld{"ਪੱਛਮੀ ਅਫਰੀਕਾ ਗਰਮੀ-ਰੁੱਤ ਸਮਾਂ"}
            lg{"ਪੱਛਮੀ ਅਫਰੀਕਾ ਸਮਾਂ"}
            ls{"ਪੱਛਮੀ ਅਫਰੀਕਾ ਮਿਆਰੀ ਸਮਾਂ"}
        }
        "meta:Alaska"{
            ld{"ਅਲਾਸਕਾ ਪ੍ਰਕਾਸ਼ ਸਮਾਂ"}
            lg{"ਅਲਾਸਕਾ ਸਮਾਂ"}
            ls{"ਅਲਾਸਕਾ ਮਿਆਰੀ ਸਮਾਂ"}
        }
        "meta:Amazon"{
            ld{"ਅਮੇਜ਼ਨ ਗਰਮੀ-ਰੁੱਤ ਸਮਾਂ"}
            lg{"ਅਮੇਜ਼ਨ ਸਮਾਂ"}
            ls{"ਅਮੇਜ਼ਨ ਮਿਆਰੀ ਸਮਾਂ"}
        }
        "meta:America_Central"{
            ld{"ਉੱਤਰੀ ਅਮੇਰਿਕਨ ਕੇਂਦਰੀ ਪ੍ਰਕਾਸ਼ ਸਮਾਂ"}
            lg{"ਉੱਤਰੀ ਅਮੇਰਿਕਨ ਕੇਂਦਰੀ ਸਮਾਂ"}
            ls{"ਉੱਤਰੀ ਅਮੇਰਿਕਨ ਕੇਂਦਰੀ ਮਿਆਰੀ ਸਮਾਂ"}
        }
        "meta:America_Eastern"{
            ld{"ਉੱਤਰੀ ਅਮੇਰਿਕਨ ਪੂਰਬੀ ਪ੍ਰਕਾਸ਼ ਸਮਾਂ"}
            lg{"ਉੱਤਰੀ ਅਮੇਰਿਕਨ ਪੂਰਬੀ ਸਮਾਂ"}
            ls{"ਉੱਤਰੀ ਅਮੇਰਿਕਨ ਮਿਆਰੀ ਸਮਾਂ"}
        }
        "meta:America_Mountain"{
            ld{"ਉੱਤਰੀ ਅਮੇਰਿਕਨ ਮਾਉਂਟੇਨ ਪ੍ਰਕਾਸ਼ ਸਮਾਂ"}
            lg{"ਉੱਤਰੀ ਅਮੇਰਿਕਨ ਮਾਉਂਟੇਨ ਸਮਾਂ"}
            ls{"ਉੱਤਰੀ ਅਮੇਰਿਕਨ ਮਾਉਂਟੇਨ ਮਿਆਰੀ ਸਮਾਂ"}
        }
        "meta:America_Pacific"{
            ld{"ਉੱਤਰੀ ਅਮੇਰਿਕਨ ਪੈਸਿਫਿਕ ਪ੍ਰਕਾਸ਼ ਸਮਾਂ"}
            lg{"ਉੱਤਰੀ ਅਮੇਰਿਕਨ ਪੈਸਿਫਿਕ ਸਮਾਂ"}
            ls{"ਉੱਤਰੀ ਅਮੇਰਿਕਨ ਪੈਸਿਫਿਕ ਮਿਆਰੀ ਸਮਾਂ"}
        }
        "meta:Arabian"{
            ld{"ਅਰੇਬੀਅਨ ਪ੍ਰਕਾਸ਼ ਸਮਾਂ"}
            lg{"ਅਰੇਬੀਅਨ ਸਮਾਂ"}
            ls{"ਅਰੇਬੀਅਨ ਮਿਆਰੀ ਸਮਾਂ"}
        }
        "meta:Argentina"{
            ld{"ਅਰਜਨਟੀਨਾ ਗਰਮੀ-ਰੁੱਤ ਸਮਾਂ"}
            lg{"ਅਰਜਨਟੀਨਾ ਸਮਾਂ"}
            ls{"ਅਰਜਨਟੀਨਾ ਮਿਆਰੀ ਸਮਾਂ"}
        }
        "meta:Argentina_Western"{
            ld{"ਪੱਛਮੀ ਅਰਜਨਟੀਨਾ ਗਰਮੀ-ਰੁੱਤ ਸਮਾਂ"}
            lg{"ਪੱਛਮੀ ਅਰਜਨਟੀਨਾ ਸਮਾਂ"}
            ls{"ਪੱਛਮੀ ਅਰਜਨਟੀਨਾ ਮਿਆਰੀ ਸਮਾਂ"}
        }
        "meta:Armenia"{
            ld{"ਆਰਮੀਨਿਆ ਗਰਮੀ-ਰੁੱਤ ਸਮਾਂ"}
            lg{"ਆਰਮੀਨਿਆ ਸਮਾਂ"}
            ls{"ਆਰਮੀਨਿਆ ਮਿਆਰੀ ਸਮਾਂ"}
        }
        "meta:Atlantic"{
            ld{"ਅਟਲਾਂਟਿਕ ਪ੍ਰਕਾਸ਼ ਸਮਾਂ"}
            lg{"ਅਟਲਾਂਟਿਕ ਸਮਾਂ"}
            ls{"ਅਟਲਾਂਟਿਕ ਮਿਆਰੀ ਸਮਾਂ"}
        }
        "meta:Australia_Central"{
            ld{"ਆਸਟ੍ਰੇਲੀਅਨ ਕੇਂਦਰੀ ਪ੍ਰਕਾਸ਼ ਸਮਾਂ"}
            lg{"ਕੇਂਦਰੀ ਆਸਟ੍ਰੇਲੀਅਨ ਸਮਾਂ"}
            ls{"ਆਸਟ੍ਰੇਲੀਅਨ ਕੇਂਦਰੀ ਮਿਆਰੀ ਸਮਾਂ"}
        }
        "meta:Australia_CentralWestern"{
            ld{"ਆਸਟ੍ਰੇਲੀਅਨ ਕੇਂਦਰੀ ਪੱਛਮੀ ਪ੍ਰਕਾਸ਼ ਸਮਾਂ"}
            lg{"ਆਸਟ੍ਰੇਲੀਅਨ ਕੇਂਦਰੀ ਪੱਛਮੀ ਸਮਾਂ"}
            ls{"ਆਸਟ੍ਰੇਲੀਅਨ ਕੇਂਦਰੀ ਪੱਛਮੀ ਮਿਆਰੀ ਸਮਾਂ"}
        }
        "meta:Australia_Eastern"{
            ld{"ਆਸਟ੍ਰੇਲੀਅਨ ਪੂਰਬੀ ਪ੍ਰਕਾਸ਼ ਸਮਾਂ"}
            lg{"ਪੂਰਬੀ ਆਸਟ੍ਰੇਲੀਅਨ ਸਮਾਂ"}
            ls{"ਆਸਟ੍ਰੇਲੀਅਨ ਪੂਰਬੀ ਮਿਆਰੀ ਸਮਾਂ"}
        }
        "meta:Australia_Western"{
            ld{"ਆਸਟ੍ਰੇਲੀਅਨ ਪੱਛਮੀ ਪ੍ਰਕਾਸ਼ ਸਮਾਂ"}
            lg{"ਪੱਛਮੀ ਆਸਟ੍ਰੇਲੀਅਨ ਸਮਾਂ"}
            ls{"ਆਸਟ੍ਰੇਲੀਅਨ ਪੱਛਮੀ ਮਿਆਰੀ ਸਮਾਂ"}
        }
        "meta:Azerbaijan"{
            ld{"ਅਜ਼ਰਬੈਜਾਨ ਗਰਮੀ-ਰੁੱਤ ਸਮਾਂ"}
            lg{"ਅਜ਼ਰਬੈਜਾਨ ਸਮਾਂ"}
            ls{"ਅਜ਼ਰਬੈਜਾਨ ਮਿਆਰੀ ਸਮਾਂ"}
        }
        "meta:Azores"{
            ld{"ਅਜੋਰੇਸ ਗਰਮੀ-ਰੁੱਤ ਸਮਾਂ"}
            lg{"ਅਜੋਰੇਸ ਸਮਾਂ"}
            ls{"ਅਜੋਰੇਸ ਮਿਆਰੀ ਸਮਾਂ"}
        }
        "meta:Bangladesh"{
            ld{"ਬੰਗਲਾਦੇਸ਼ ਗਰਮੀ-ਰੁੱਤ ਸਮਾਂ"}
            lg{"ਬੰਗਲਾਦੇਸ਼ ਸਮਾਂ"}
            ls{"ਬੰਗਲਾਦੇਸ਼ ਮਿਆਰੀ ਸਮਾਂ"}
        }
        "meta:Bhutan"{
            ls{"ਭੂਟਾਨ ਸਮਾਂ"}
        }
        "meta:Bolivia"{
            ls{"ਬੋਲੀਵੀਆ ਸਮਾਂ"}
        }
        "meta:Brasilia"{
            ld{"ਬ੍ਰਾਜ਼ੀਲੀਆਂ ਗਰਮੀ-ਰੁੱਤ ਸਮਾਂ"}
            lg{"ਬ੍ਰਾਜ਼ੀਲੀਆਂ ਸਮਾਂ"}
            ls{"ਬ੍ਰਾਜ਼ੀਲੀਆਂ ਮਿਆਰੀ ਸਮਾਂ"}
        }
        "meta:Brunei"{
            ls{"ਬਰੂਨੇਈ ਦਾਰੂਸਲਾਮ ਸਮਾਂ"}
        }
        "meta:Cape_Verde"{
            ld{"ਕੇਪ ਵਰਡ ਗਰਮੀ-ਰੁੱਤ ਸਮਾਂ"}
            lg{"ਕੇਪ ਵਰਡ ਸਮਾਂ"}
            ls{"ਕੇਪ ਵਰਡ ਮਿਆਰੀ ਸਮਾਂ"}
        }
        "meta:Chamorro"{
            ls{"ਚਾਮੋਰੋ ਸਮਾਂ"}
        }
        "meta:Chatham"{
            ld{"ਚੈਟਹੇਮ ਪ੍ਰਕਾਸ਼ ਸਮਾਂ"}
            lg{"ਚੈਟਹੇਮ ਸਮਾਂ"}
            ls{"ਚੈਟਹੇਮ ਮਿਆਰੀ ਸਮਾਂ"}
        }
        "meta:Chile"{
            ld{"ਚਿਲੀ ਗਰਮੀ-ਰੁੱਤ ਸਮਾਂ"}
            lg{"ਚਿਲੀ ਸਮਾਂ"}
            ls{"ਚਿਲੀ ਮਿਆਰੀ ਸਮਾਂ"}
        }
        "meta:China"{
            ld{"ਚੀਨ ਪ੍ਰਕਾਸ਼ ਸਮਾਂ"}
            lg{"ਚੀਨ ਸਮਾਂ"}
            ls{"ਚੀਨ ਮਿਆਰੀ ਸਮਾਂ"}
        }
        "meta:Choibalsan"{
            ld{"ਚੌਇਬਾਲਸਨ ਗਰਮੀ-ਰੁੱਤ ਸਮਾਂ"}
            lg{"ਚੌਇਬਾਲਸਨ ਸਮਾਂ"}
            ls{"ਚੌਇਬਾਲਸਨ ਮਿਆਰੀ ਸਮਾਂ"}
        }
        "meta:Christmas"{
            ls{"ਕ੍ਰਿਸਮਸ ਆਈਲੈਂਡ ਸਮਾਂ"}
        }
        "meta:Cocos"{
            ls{"ਕੋਕੋਜ਼ ਆਈਲੈਂਡ ਸਮਾਂ"}
        }
        "meta:Colombia"{
            ld{"ਕੋਲੰਬੀਆ ਗਰਮੀ-ਰੁੱਤ ਸਮਾਂ"}
            lg{"ਕੋਲੰਬੀਆ ਸਮਾਂ"}
            ls{"ਕੋਲੰਬੀਆ ਮਿਆਰੀ ਸਮਾਂ"}
        }
        "meta:Cook"{
            ld{"ਕੁੱਕ ਆਈਲੈਂਡ ਅੱਧਾ ਗਰਮੀ-ਰੁੱਤ ਸਮਾਂ"}
            lg{"ਕੁੱਕ ਆਈਲੈਂਡ ਸਮਾਂ"}
            ls{"ਕੁੱਕ ਆਈਲੈਂਡ ਅੱਧਾ ਮਿਆਰੀ ਸਮਾਂ"}
        }
        "meta:Cuba"{
            ld{"ਕਿਊਬਾ ਪ੍ਰਕਾਸ਼ ਸਮਾਂ"}
            lg{"ਕਿਊਬਾ ਸਮਾਂ"}
            ls{"ਕਿਊਬਾ ਮਿਆਰੀ ਸਮਾਂ"}
        }
        "meta:Davis"{
            ls{"ਡੇਵਿਸ ਸਮਾਂ"}
        }
        "meta:DumontDUrville"{
            ls{"ਡਿਉਮੋਂਟ ਡਿਉਰਵਿਲੇ ਸਮਾਂ"}
        }
        "meta:East_Timor"{
            ls{"ਪੂਰਬੀ ਟੀਮੁਰ ਸਮਾਂ"}
        }
        "meta:Easter"{
            ld{"ਈਸਟਰ ਆਈਲੈਂਡ ਗਰਮੀ-ਰੁੱਤ ਸਮਾਂ"}
            lg{"ਈਸਟਰ ਆਈਲੈਂਡ ਸਮਾਂ"}
            ls{"ਈਸਟਰ ਆਈਲੈਂਡ ਮਿਆਰੀ ਸਮਾਂ"}
        }
        "meta:Ecuador"{
            ls{"ਇਕਵੇਡੋਰ ਸਮਾਂ"}
        }
        "meta:Europe_Central"{
            ld{"ਕੇਂਦਰੀ ਯੂਰੋਪੀਅਨ ਗਰਮੀ-ਰੁੱਤ ਸਮਾਂ"}
            lg{"ਕੇਂਦਰੀ ਯੂਰੋਪੀਅਨ ਸਮਾਂ"}
            ls{"ਕੇਂਦਰੀ ਯੂਰੋਪੀਅਨ ਮਿਆਰੀ ਸਮਾਂ"}
        }
        "meta:Europe_Eastern"{
            ld{"ਪੂਰਬੀ ਯੂਰੋਪੀਅਨ ਗਰਮੀ-ਰੁੱਤ ਸਮਾਂ"}
            lg{"ਪੂਰਬੀ ਯੂਰੋਪੀਅਨ ਸਮਾਂ"}
            ls{"ਪੂਰਬੀ ਯੂਰੋਪੀਅਨ ਮਿਆਰੀ ਸਮਾਂ"}
        }
        "meta:Europe_Western"{
            ld{"ਪੱਛਮੀ ਯੂਰੋਪੀਅਨ ਗਰਮੀ-ਰੁੱਤ ਸਮਾਂ"}
            lg{"ਪੱਛਮੀ ਯੂਰੋਪੀਅਨ ਸਮਾਂ"}
            ls{"ਪੱਛਮੀ ਯੂਰੋਪੀਅਨ ਮਿਆਰੀ ਸਮਾਂ"}
        }
        "meta:Falkland"{
            ld{"ਫ਼ਾਕਲੈਂਡ ਆਈਲੈਂਡਸ ਗਰਮੀ-ਰੁੱਤ ਸਮਾਂ"}
            lg{"ਫ਼ਾਕਲੈਂਡ ਆਈਲੈਂਡਸ ਸਮਾਂ"}
            ls{"ਫ਼ਾਕਲੈਂਡ ਆਈਲੈਂਡਸ ਮਿਆਰੀ ਸਮਾਂ"}
        }
        "meta:Fiji"{
            ld{"ਫ਼ਿਜ਼ੀ ਗਰਮੀ-ਰੁੱਤ ਸਮਾਂ"}
            lg{"ਫ਼ਿਜ਼ੀ ਸਮਾਂ"}
            ls{"ਫ਼ਿਜ਼ੀ ਮਿਆਰੀ ਸਮਾਂ"}
        }
        "meta:French_Guiana"{
            ls{"ਫ੍ਰੈਂਚ ਗੁਏਨਾ ਸਮਾਂ"}
        }
        "meta:French_Southern"{
            ls{"ਫ੍ਰੈਂਚ ਦੱਖਣੀ ਅਤੇ ਐਂਟਾਰਟਿਕ ਸਮਾਂ"}
        }
        "meta:GMT"{
            ls{"ਗ੍ਰੀਨਵਿਚ ਮੀਨ ਟਾਈਮ"}
        }
        "meta:Galapagos"{
            ls{"ਗਲਾਪਾਗੋਸ ਸਮਾਂ"}
        }
        "meta:Gambier"{
            ls{"ਗੈਂਬੀਅਰ ਸਮਾਂ"}
        }
        "meta:Georgia"{
            ld{"ਜਾਰਜਿਆ ਗਰਮੀ-ਰੁੱਤ ਸਮਾਂ"}
            lg{"ਜਾਰਜਿਆ ਸਮਾਂ"}
            ls{"ਜਾਰਜਿਆ ਮਿਆਰੀ ਸਮਾਂ"}
        }
        "meta:Gilbert_Islands"{
            ls{"ਗਿਲਬਰਟ ਆਈਲੈਂਡ ਸਮਾਂ"}
        }
        "meta:Greenland_Eastern"{
            ld{"ਪੂਰਬੀ ਗ੍ਰੀਨਲੈਂਡ ਗਰਮੀ-ਰੁੱਤ ਸਮਾਂ"}
            lg{"ਪੂਰਬੀ ਗ੍ਰੀਨਲੈਂਡ ਸਮਾਂ"}
            ls{"ਪੂਰਬੀ ਗ੍ਰੀਨਲੈਂਡ ਮਿਆਰੀ ਸਮਾਂ"}
        }
        "meta:Greenland_Western"{
            ld{"ਪੱਛਮੀ ਗ੍ਰੀਨਲੈਂਡ ਗਰਮੀ-ਰੁੱਤ ਸਮਾਂ"}
            lg{"ਪੱਛਮੀ ਗ੍ਰੀਨਲੈਂਡ ਸਮਾਂ"}
            ls{"ਪੱਛਮੀ ਗ੍ਰੀਨਲੈਂਡ ਮਿਆਰੀ ਸਮਾਂ"}
        }
        "meta:Gulf"{
            ls{"ਖਾੜੀ ਸਮਾਂ"}
        }
        "meta:Guyana"{
            ls{"ਗੁਯਾਨਾ ਸਮਾਂ"}
        }
        "meta:Hawaii_Aleutian"{
            ld{"ਹਵਾਈ-ਅਲੇਯੂਸ਼ਿਅਨ ਪ੍ਰਕਾਸ਼ ਸਮਾਂ"}
            lg{"ਹਵਾਈ-ਅਲੇਯੂਸ਼ਿਅਨ ਸਮਾਂ"}
            ls{"ਹਵਾਈ-ਅਲੇਯੂਸ਼ਿਅਨ ਮਿਆਰੀ ਸਮਾਂ"}
        }
        "meta:Hong_Kong"{
            ld{"ਹਾਂਗ ਕਾਂਗ ਗਰਮੀ-ਰੁੱਤ ਸਮਾਂ"}
            lg{"ਹਾਂਗ ਕਾਂਗ ਸਮਾਂ"}
            ls{"ਹਾਂਗ ਕਾਂਗ ਮਿਆਰੀ ਸਮਾਂ"}
        }
        "meta:Hovd"{
            ld{"ਹੋਵਡ ਗਰਮੀ-ਰੁੱਤ ਸਮਾਂ"}
            lg{"ਹੋਵਡ ਸਮਾਂ"}
            ls{"ਹੋਵਡ ਮਿਆਰੀ ਸਮਾਂ"}
        }
        "meta:India"{
            ls{"ਭਾਰਤ ਸਮਾਂ"}
            ss{"IST"}
        }
        "meta:Indian_Ocean"{
            ls{"ਭਾਰਤੀ ਓਸ਼ਨ ਸਮਾਂ"}
        }
        "meta:Indochina"{
            ls{"ਇੰਡੋਚਾਈਨਾ ਸਮਾਂ"}
        }
        "meta:Indonesia_Central"{
            ls{"ਕੇਂਦਰੀ ਇੰਡੋਨੇਸ਼ੀਆ ਸਮਾਂ"}
        }
        "meta:Indonesia_Eastern"{
            ls{"ਪੂਰਬੀ ਇੰਡੋਨੇਸ਼ੀਆ ਸਮਾਂ"}
        }
        "meta:Indonesia_Western"{
            ls{"ਪੱਛਮੀ ਇੰਡੋਨੇਸ਼ੀਆ ਸਮਾਂ"}
        }
        "meta:Iran"{
            ld{"ਈਰਾਨ ਪ੍ਰਕਾਸ਼ ਸਮਾਂ"}
            lg{"ਈਰਾਨ ਸਮਾਂ"}
            ls{"ਈਰਾਨ ਮਿਆਰੀ ਸਮਾਂ"}
        }
        "meta:Irkutsk"{
            ld{"ਇਰਕੁਤਸਕ ਗਰਮੀ-ਰੁੱਤ ਸਮਾਂ"}
            lg{"ਇਰਕੁਤਸਕ ਸਮਾਂ"}
            ls{"ਇਰਕੁਤਸਕ ਮਿਆਰੀ ਸਮਾਂ"}
        }
        "meta:Israel"{
            ld{"ਇਜ਼ਰਾਈਲ ਪ੍ਰਕਾਸ਼ ਸਮਾਂ"}
            lg{"ਇਜ਼ਰਾਈਲ ਸਮਾਂ"}
            ls{"ਇਜ਼ਰਾਈਲ ਮਿਆਰੀ ਸਮਾਂ"}
        }
        "meta:Japan"{
            ld{"ਜਾਪਾਨ ਪ੍ਰਕਾਸ਼ ਸਮਾਂ"}
            lg{"ਜਾਪਾਨ ਸਮਾਂ"}
            ls{"ਜਾਪਾਨ ਮਿਆਰੀ ਸਮਾਂ"}
        }
        "meta:Kazakhstan_Eastern"{
            ls{"ਪੂਰਬੀ ਕਜ਼ਾਕਸਤਾਨ ਸਮਾਂ"}
        }
        "meta:Kazakhstan_Western"{
            ls{"ਪੱਛਮੀ ਕਜ਼ਾਕਸਤਾਨ ਸਮਾਂ"}
        }
        "meta:Korea"{
            ld{"ਕੋਰੀਆਈ ਪ੍ਰਕਾਸ਼ ਸਮਾਂ"}
            lg{"ਕੋਰੀਆਈ ਸਮਾਂ"}
            ls{"ਕੋਰੀਆਈ ਮਿਆਰੀ ਸਮਾਂ"}
        }
        "meta:Kosrae"{
            ls{"ਕੋਸ੍ਰਾਏ ਸਮਾਂ"}
        }
        "meta:Krasnoyarsk"{
            ld{"ਕ੍ਰਾਸਨੋਯਾਰਕਸ ਗਰਮੀ-ਰੁੱਤ ਸਮਾਂ"}
            lg{"ਕ੍ਰਾਸਨੋਯਾਰਕਸ ਸਮਾਂ"}
            ls{"ਕ੍ਰਾਸਨੋਯਾਰਕਸ ਮਿਆਰੀ ਸਮਾਂ"}
        }
        "meta:Kyrgystan"{
            ls{"ਕਿਰਗਿਸਤਾਨ ਸਮਾਂ"}
        }
        "meta:Line_Islands"{
            ls{"ਲਾਈਨ ਆਈਲੈਂਡ ਸਮਾਂ"}
        }
        "meta:Lord_Howe"{
            ld{"ਲੌਰਡ ਹੋਵੇ ਪ੍ਰਕਾਸ਼ ਸਮਾਂ"}
            lg{"ਲੌਰਡ ਹੋਵੇ ਸਮਾਂ"}
            ls{"ਲੌਰਡ ਹੋਵੇ ਮਿਆਰੀ ਸਮਾਂ"}
        }
        "meta:Macquarie"{
            ls{"ਮੈਕਕਵੇਰੀ ਆਈਲੈਂਡ ਸਮਾਂ"}
        }
        "meta:Magadan"{
            ld{"ਮੈਗੇਡਨ ਗਰਮੀ-ਰੁੱਤ ਸਮਾਂ"}
            lg{"ਮੈਗੇਡਨ ਸਮਾਂ"}
            ls{"ਮੈਗੇਡਨ ਮਿਆਰੀ ਸਮਾਂ"}
        }
        "meta:Malaysia"{
            ls{"ਮਲੇਸ਼ੀਆ ਸਮਾਂ"}
        }
        "meta:Maldives"{
            ls{"ਮਾਲਦੀਵ ਸਮਾਂ"}
        }
        "meta:Marquesas"{
            ls{"ਮਾਰਕਿਸਾਸ ਸਮਾਂ"}
        }
        "meta:Marshall_Islands"{
            ls{"ਮਾਰਸ਼ਲ ਆਈਲੈਂਡ ਸਮਾਂ"}
        }
        "meta:Mauritius"{
            ld{"ਮੌਰਿਸ਼ਸ ਗਰਮੀ-ਰੁੱਤ ਸਮਾਂ"}
            lg{"ਮੌਰਿਸ਼ਸ ਸਮਾਂ"}
            ls{"ਮੌਰਿਸ਼ਸ ਮਿਆਰੀ ਸਮਾਂ"}
        }
        "meta:Mawson"{
            ls{"ਮੌਸਨ ਸਮਾਂ"}
        }
        "meta:Mongolia"{
            ld{"ਉਲਨ ਬਟੋਰ ਗਰਮੀ-ਰੁੱਤ ਸਮਾਂ"}
            lg{"ਉਲਨ ਬਟੋਰ ਸਮਾਂ"}
            ls{"ਉਲਨ ਬਟੋਰ ਮਿਆਰੀ ਸਮਾਂ"}
        }
        "meta:Moscow"{
            ld{"ਮਾਸਕੋ ਗਰਮੀ-ਰੁੱਤ ਸਮਾਂ"}
            lg{"ਮਾਸਕੋ ਸਮਾਂ"}
            ls{"ਮਾਸਕੋ ਮਿਆਰੀ ਸਮਾਂ"}
        }
        "meta:Myanmar"{
            ls{"ਮਿਆਂਮਾਰ ਸਮਾਂ"}
        }
        "meta:Nauru"{
            ls{"ਨਾਉਰੂ ਸਮਾਂ"}
        }
        "meta:Nepal"{
            ls{"ਨੇਪਾਲ ਸਮਾਂ"}
        }
        "meta:New_Caledonia"{
            ld{"ਨਿਊ ਕੈਲੇਡੋਨਿਆ ਗਰਮੀ-ਰੁੱਤ ਸਮਾਂ"}
            lg{"ਨਿਊ ਕੈਲੇਡੋਨਿਆ ਸਮਾਂ"}
            ls{"ਨਿਊ ਕੈਲੇਡੋਨਿਆ ਮਿਆਰੀ ਸਮਾਂ"}
        }
        "meta:New_Zealand"{
            ld{"ਨਿਊਜ਼ੀਲੈਂਡ ਪ੍ਰਕਾਸ਼ ਸਮਾਂ"}
            lg{"ਨਿਊਜ਼ੀਲੈਂਡ ਸਮਾਂ"}
            ls{"ਨਿਊਜ਼ੀਲੈਂਡ ਮਿਆਰੀ ਸਮਾਂ"}
        }
        "meta:Newfoundland"{
            ld{"ਨਿਊਫਾਉਂਡਲੈਂਡ ਪ੍ਰਕਾਸ਼ ਸਮਾਂ"}
            lg{"ਨਿਊਫਾਉਂਡਲੈਂਡ ਸਮਾਂ"}
            ls{"ਨਿਊਫਾਉਂਡਲੈਂਡ ਮਿਆਰੀ ਸਮਾਂ"}
        }
        "meta:Niue"{
            ls{"ਨਿਊ ਸਮਾਂ"}
        }
        "meta:Norfolk"{
            ls{"ਨੋਰਫੌਕ ਆਈਲੈਂਡ ਸਮਾਂ"}
        }
        "meta:Noronha"{
            ld{"ਫਰਨਾਂਡੋ ਡੇ ਨੋਰੋਨਹਾ ਗਰਮੀ-ਰੁੱਤ ਸਮਾਂ"}
            lg{"ਫਰਨਾਂਡੋ ਡੇ ਨੋਰੋਨਹਾ ਸਮਾਂ"}
            ls{"ਫਰਨਾਂਡੋ ਡੇ ਨੋਰੋਨਹਾ ਮਿਆਰੀ ਸਮਾਂ"}
        }
        "meta:Novosibirsk"{
            ld{"ਨੌਵੋਸਿਬੀਰਕਸ ਗਰਮੀ-ਰੁੱਤ ਸਮਾਂ"}
            lg{"ਨੌਵੋਸਿਬੀਰਕਸ ਸਮਾਂ"}
            ls{"ਨੌਵੋਸਿਬੀਰਕਸ ਮਿਆਰੀ ਸਮਾਂ"}
        }
        "meta:Omsk"{
            ld{"ਓਮਸਕ ਗਰਮੀ-ਰੁੱਤ ਸਮਾਂ"}
            lg{"ਓਮਸਕ ਸਮਾਂ"}
            ls{"ਓਮਸਕ ਮਿਆਰੀ ਸਮਾਂ"}
        }
        "meta:Pakistan"{
            ld{"ਪਾਕਿਸਤਾਨ ਗਰਮੀ-ਰੁੱਤ ਸਮਾਂ"}
            lg{"ਪਾਕਿਸਤਾਨ ਸਮਾਂ"}
            ls{"ਪਾਕਿਸਤਾਨ ਮਿਆਰੀ ਸਮਾਂ"}
        }
        "meta:Palau"{
            ls{"ਪਲਾਉ ਸਮਾਂ"}
        }
        "meta:Papua_New_Guinea"{
            ls{"ਪਾਪੂਆ ਨਿਊ ਗਿਨੀ ਸਮਾਂ"}
        }
        "meta:Paraguay"{
            ld{"ਪੈਰਾਗਵੇ ਗਰਮੀ-ਰੁੱਤ ਸਮਾਂ"}
            lg{"ਪੈਰਾਗਵੇ ਸਮਾਂ"}
            ls{"ਪੈਰਾਗਵੇ ਮਿਆਰੀ ਸਮਾਂ"}
        }
        "meta:Peru"{
            ld{"ਪੇਰੂ ਗਰਮੀ-ਰੁੱਤ ਸਮਾਂ"}
            lg{"ਪੇਰੂ ਸਮਾਂ"}
            ls{"ਪੇਰੂ ਮਿਆਰੀ ਸਮਾਂ"}
        }
        "meta:Philippines"{
            ld{"ਫਿਲਿਪਾਈਨ ਗਰਮੀ-ਰੁੱਤ ਸਮਾਂ"}
            lg{"ਫਿਲਿਪਾਈਨ ਸਮਾਂ"}
            ls{"ਫਿਲਿਪਾਈਨ ਮਿਆਰੀ ਸਮਾਂ"}
        }
        "meta:Phoenix_Islands"{
            ls{"ਫੋਨਿਕਸ ਆਈਲੈਂਡ ਸਮਾਂ"}
        }
        "meta:Pierre_Miquelon"{
            ld{"ਸੈਂਟ ਪੀਅਰੇ ਅਤੇ ਮਿਕੇਲਨ ਪ੍ਰਕਾਸ਼ ਸਮਾਂ"}
            lg{"ਸੈਂਟ ਪੀਅਰੇ ਅਤੇ ਮਿਕੇਲਨ ਸਮਾਂ"}
            ls{"ਸੈਂਟ ਪੀਅਰੇ ਅਤੇ ਮਿਕੇਲਨ ਮਿਆਰੀ ਸਮਾਂ"}
        }
        "meta:Pitcairn"{
            ls{"ਪਿਟਕੈਰਨ ਸਮਾਂ"}
        }
        "meta:Ponape"{
            ls{"ਪੋਹਨਪੇਈ ਸਮਾਂ"}
        }
        "meta:Reunion"{
            ls{"ਰਿਯੂਨੀਅਨ ਸਮਾਂ"}
        }
        "meta:Rothera"{
            ls{"ਰੋਥੇਰਾ ਸਮਾਂ"}
        }
        "meta:Sakhalin"{
            ld{"ਸਖਲੀਨ ਗਰਮੀ-ਰੁੱਤ ਸਮਾਂ"}
            lg{"ਸਖਲੀਨ ਸਮਾਂ"}
            ls{"ਸਖਲੀਨ ਮਿਆਰੀ ਸਮਾਂ"}
        }
        "meta:Samoa"{
            ld{"ਸਾਮੋਆ ਪ੍ਰਕਾਸ਼ ਸਮਾਂ"}
            lg{"ਸਾਮੋਆ ਸਮਾਂ"}
            ls{"ਸਾਮੋਆ ਮਿਆਰੀ ਸਮਾਂ"}
        }
        "meta:Seychelles"{
            ls{"ਸੇਸ਼ਲਸ ਸਮਾਂ"}
        }
        "meta:Singapore"{
            ls{"ਸਿੰਗਾਪੁਰ ਸਮਾਂ"}
        }
        "meta:Solomon"{
            ls{"ਸੋਲੋਮਨ ਆਈਲੈਂਡਸ ਸਮਾਂ"}
        }
        "meta:South_Georgia"{
            ls{"ਦੱਖਣੀ ਜਾਰਜਿਆ ਸਮਾਂ"}
        }
        "meta:Suriname"{
            ls{"ਸੂਰੀਨਾਮ ਸਮਾਂ"}
        }
        "meta:Syowa"{
            ls{"ਸਵੋਯਾ ਸਮਾਂ"}
        }
        "meta:Tahiti"{
            ls{"ਤਹਿਤੀ ਸਮਾਂ"}
        }
        "meta:Taipei"{
            ld{"ਤੈਪਈ ਪ੍ਰਕਾਸ਼ ਸਮਾਂ"}
            lg{"ਤੈਪਈ ਸਮਾਂ"}
            ls{"ਤੈਪਈ ਮਿਆਰੀ ਸਮਾਂ"}
        }
        "meta:Tajikistan"{
            ls{"ਤਾਜਿਕਿਸਤਾਨ ਸਮਾਂ"}
        }
        "meta:Tokelau"{
            ls{"ਟੋਕੇਲਾਉ ਸਮਾਂ"}
        }
        "meta:Tonga"{
            ld{"ਟੋਂਗਾ ਗਰਮੀ-ਰੁੱਤ ਸਮਾਂ"}
            lg{"ਟੋਂਗਾ ਸਮਾਂ"}
            ls{"ਟੋਂਗਾ ਮਿਆਰੀ ਸਮਾਂ"}
        }
        "meta:Truk"{
            ls{"ਚੂਕ ਸਮਾਂ"}
        }
        "meta:Turkmenistan"{
            ld{"ਤੁਰਕਮੇਨਿਸਤਾਨ ਗਰਮੀ-ਰੁੱਤ ਸਮਾਂ"}
            lg{"ਤੁਰਕਮੇਨਿਸਤਾਨ ਸਮਾਂ"}
            ls{"ਤੁਰਕਮੇਨਿਸਤਾਨ ਮਿਆਰੀ ਸਮਾਂ"}
        }
        "meta:Tuvalu"{
            ls{"ਟੁਵਾਲੂ ਸਮਾਂ"}
        }
        "meta:Uruguay"{
            ld{"ਉਰੂਗਵੇ ਗਰਮੀ-ਰੁੱਤ ਸਮਾਂ"}
            lg{"ਉਰੂਗਵੇ ਸਮਾਂ"}
            ls{"ਉਰੂਗਵੇ ਮਿਆਰੀ ਸਮਾਂ"}
        }
        "meta:Uzbekistan"{
            ld{"ਉਜ਼ਬੇਕਿਸਤਾਨ ਗਰਮੀ-ਰੁੱਤ ਸਮਾਂ"}
            lg{"ਉਜ਼ਬੇਕਿਸਤਾਨ ਸਮਾਂ"}
            ls{"ਉਜ਼ਬੇਕਿਸਤਾਨ ਮਿਆਰੀ ਸਮਾਂ"}
        }
        "meta:Vanuatu"{
            ld{"ਵਾਨੂਆਟੂ ਗਰਮੀ-ਰੁੱਤ ਸਮਾਂ"}
            lg{"ਵਾਨੂਆਟੂ ਸਮਾਂ"}
            ls{"ਵਾਨੂਆਟੂ ਮਿਆਰੀ ਸਮਾਂ"}
        }
        "meta:Venezuela"{
            ls{"ਵੈਨੇਜ਼ੂਏਲਾ ਸਮਾਂ"}
        }
        "meta:Vladivostok"{
            ld{"ਵਲਾਦੀਵੋਸਤਕ ਗਰਮੀ-ਰੁੱਤ ਸਮਾਂ"}
            lg{"ਵਲਾਦੀਵੋਸਤਕ ਸਮਾਂ"}
            ls{"ਵਲਾਦੀਵੋਸਤਕ ਮਿਆਰੀ ਸਮਾਂ"}
        }
        "meta:Volgograd"{
            ld{"ਵੋਲਵੋਗ੍ਰੇਡ ਗਰਮੀ-ਰੁੱਤ ਸਮਾਂ"}
            lg{"ਵੋਲਵੋਗ੍ਰੇਡ ਸਮਾਂ"}
            ls{"ਵੋਲਵੋਗ੍ਰੇਡ ਮਿਆਰੀ ਸਮਾਂ"}
        }
        "meta:Vostok"{
            ls{"ਵੋਸਟੋਕ ਸਮਾਂ"}
        }
        "meta:Wake"{
            ls{"ਵੇਕ ਆਈਲੈਂਡ ਸਮਾਂ"}
        }
        "meta:Wallis"{
            ls{"ਵਾਲਿਸ ਅਤੇ ਫਯੁਚੁਨਾ ਸਮਾਂ"}
        }
        "meta:Yakutsk"{
            ld{"ਯਕੁਤਸਕ ਗਰਮੀ-ਰੁੱਤ ਸਮਾਂ"}
            lg{"ਯਕੁਤਸਕ ਸਮਾਂ"}
            ls{"ਯਕੁਤਸਕ ਮਿਆਰੀ ਸਮਾਂ"}
        }
        "meta:Yekaterinburg"{
            ld{"ਯਕੇਤਰਿਨਬਰਗ ਗਰਮੀ-ਰੁੱਤ ਸਮਾਂ"}
            lg{"ਯਕੇਤਰਿਨਬਰਗ ਸਮਾਂ"}
            ls{"ਯਕੇਤਰਿਨਬਰਗ ਮਿਆਰੀ ਸਮਾਂ"}
        }
        fallbackFormat{"{1} ({0})"}
        gmtFormat{"GMT{0}"}
        gmtZeroFormat{"GMT"}
        hourFormat{"+HH:mm;-HH:mm"}
        regionFormat{"{0} ਸਮਾਂ"}
        regionFormatDaylight{"{0} ਪ੍ਰਕਾਸ਼ ਸਮਾਂ"}
        regionFormatStandard{"{0} ਮਿਆਰੀ ਸਮਾਂ"}
    }
}
